name,color
"<a href=""#"">Wallcoverings</a>",
"<a href=""#"">Wallcoverings</a>",
"<a href=""#"">Wallcoverings</a>",
"<a href=""#"">Wallcoverings</a>",
"<a href=""#"">Wallcoverings</a>",
"<a href=""#"">Wallcoverings</a>",
"<a href=""#"">Wallcoverings</a>",
"<a href=""#"">Wallcoverings</a>",
"<a href=""#"">Wallcoverings</a>",
"<a href=""#"">Wallcoverings</a>",
"<a href=""#"">Wallcoverings</a>",
"<a href=""#"">Wallcoverings</a>",
"<a href=""#"">Wallcoverings</a>",
"<a href=""#"">Wallcoverings</a>",
"<a href=""#"">Wallcoverings</a>",
"<a href=""#"">Wallcoverings</a>",
"<a href=""#"">Wallcoverings</a>",
"<a href=""#"">Wallcoverings</a>",
"<a href=""#"">Wallcoverings</a>",
"<a href=""#"">Wallcoverings</a>",
"<a href=""#"">Wallcoverings</a>",
"<a href=""#"">Wallcoverings</a>",
"<a href=""#"">Wallcoverings</a>",
"<a href=""#"">Wallcoverings</a>",
"<a href=""#"">Wallcoverings</a>",
"<a href=""#"">Wallcoverings</a>",
"<a href=""#"">Wallcoverings</a>",
"<a href=""#"">Wallcoverings</a>",
"<a href=""#"">Wallcoverings</a>",
"<a href=""#"">Wallcoverings</a>",
"<a href=""#"">Wallcoverings</a>",
"<a href=""#"">Wallcoverings</a>",
"<a href=""#"">Wallcoverings</a>",
"<a href=""#"">Wallcoverings</a>",
"<a href=""#"">Wallcoverings</a>",
"<a href=""#"">Wallcoverings</a>",
"<a href=""#"">Wallcoverings</a>",
"<a href=""#"">Wallcoverings</a>",
"<a href=""#"">Wallcoverings</a>",
"<a href=""#"">Wallcoverings</a>",
"<a href=""#"">Wallcoverings</a>",
"<a href=""#"">Wallcoverings</a>",
"<a href=""#"">Wallcoverings</a>",
"<a href=""#"">Wallcoverings</a>",
"<a href=""#"">Wallcoverings</a>",
"<a href=""#"">Wallcoverings</a>",
"<a href=""#"">Wallcoverings</a>",
"<a href=""#"">Wallcoverings</a>",
"<a href=""#"">Wallcoverings</a>",
"<a href=""#"">Wallcoverings</a>",
"<a href=""#"">Wallcoverings</a>",
"<a href=""#"">Wallcoverings</a>",
"<a href=""#"">Wallcoverings</a>",
"<a href=""#"">Wallcoverings</a>",
"<a href=""#"">Wallcoverings</a>",
"<a href=""#"">Wallcoverings</a>",
"<a href=""#"">Wallcoverings</a>",
"<a href=""#"">Wallcoverings</a>",
"<a href=""#"">Wallcoverings</a>",
